ticker,name,primary_exchange,date,close,stage,weeks_in_stage,price_vs_ma_pct,ma_slope_pct,ma_30,sma_20,sma_50,sma_200,volume,volume_ma_20,volume_ratio,price_vs_sma20_pct,price_vs_sma50_pct,price_vs_sma200_pct
AZZ,AZZ Inc.,XNYS,2025-10-20,99.83999633789062,1,2,-0.0006711845751898026,2.0970104887023933,99.84066645304362,106.07249946594239,95.5233999633789,63.95234985351563,604158,1434544,0.42114985667919563,-5.88,4.52,56.12
GABC,"German American Bancorp, Inc.",XNAS,2025-10-20,38.779998779296875,1,2,-0.009026712051404812,0.004297151382072222,38.78349965413411,39.52049961090088,39.626699905395505,35.95342493057251,162567,653365,0.2488149809065377,-1.87,-2.14,7.86
SBXD,SilverBox Corp IV,XNYS,2025-10-20,10.520000457763672,1,3,-0.07028826911106938,0.42290421546082424,10.527399984995524,10.624350023269653,10.358842010498046,,177127,506009,0.350047133549008,-0.98,1.56,
GGG,Graco Inc,XNYS,2025-10-20,83.86000061035156,1,2,-0.0901482734628577,-0.23257238611514613,83.93566716512045,84.77800064086914,84.73380050659179,77.76090015411377,1274345,3339542,0.3815927453525064,-1.08,-1.03,7.84
LKFN,Lakeland Financial Corp,XNAS,2025-10-20,61.29999923706055,1,2,-0.09561300588462825,0.04728558532790351,61.35866610209147,63.54799938201904,63.99249946594238,65.3012250137329,199022,695444,0.2861797642944651,-3.54,-4.21,-6.13
LEGH,Legacy Housing Corporation Common Stock,XNAS,2025-10-20,24.309999465942383,1,2,-0.13624773326789275,-0.960162736551553,24.343166478474934,24.65474977493286,24.75659984588623,22.260924968719483,113968,393223,0.28983045244047273,-1.4,-1.8,9.2
PBA,PEMBINA PIPELINE CORPORATION,XNYS,2025-10-20,37.849998474121094,1,1,-0.14159175492665943,0.037829494859961996,37.90366694132487,38.03700008392334,38.04200012207031,35.647800054550174,1552540,6490204,0.23921281981275164,-0.49,-0.5,6.18
EPR,EPR Properties,XNYS,2025-10-20,54.529998779296875,1,2,-0.1684318311270536,0.7593877274687819,54.62199961344401,56.209499549865725,51.73919960021973,46.19139986038208,1617958,4191175,0.3860392372067499,-2.99,5.39,18.05
FULT,Fulton Financial Corp,XNAS,2025-10-20,17.8799991607666,1,2,-0.19908596704012307,-0.33193652510306976,17.915666739145916,18.486499977111816,18.7328000831604,16.535000009536745,5212933,7599536,0.6859541161460384,-3.28,-4.55,8.13
ISSC,Innovative Solutions & Support,XNAS,2025-10-20,11.470000267028809,1,1,-0.28687913018269,5.891558763719335,11.502999973297118,13.188000011444093,10.23839997291565,8.186128988265992,843167,2458398,0.3429741644762158,-13.03,12.03,40.12
BEN,"Franklin Resources, Inc.",XNYS,2025-10-20,22.649999618530273,1,1,-0.38263772002425955,1.8530682284493945,22.736999956766763,24.098499965667724,21.913800010681154,24.907400016784667,6504546,19299940,0.33702415655178203,-6.01,3.36,-9.06
FMBH,"First Mid Bancshares, Inc. Common Stock",XNAS,2025-10-20,36.689998626708984,1,2,-0.3828325778560274,0.28590079063253876,36.83099969228109,38.046999549865724,37.34279987335205,34.2645999622345,87336,317709,0.2748930625194754,-3.57,-1.75,7.08
GEF,"Greif, Inc.",XNYS,2025-10-20,60.459999084472656,1,5,-0.38444828129818337,0.8150250830791924,60.693333562215166,63.47550048828125,61.07279998779297,63.752350177764896,467722,1023501,0.4569824553175815,-4.75,-1.0,-5.16
UNM,Unum Group,XNYS,2025-10-20,76.58000183105469,1,2,-0.39583125517869877,-0.5132784430339703,76.88433405558268,76.02350044250488,76.48920059204102,52.05800010681153,1812197,6599775,0.2745846638711168,0.73,0.12,47.11
WAY,Waystar Holding Corp. Common Stock,XNAS,2025-10-20,37.52000045776367,1,6,-0.41846114756014646,-0.03183901939166182,37.6776668548584,37.243500328063966,37.496600036621096,,3623062,10830205,0.33453309517225205,0.74,0.06,
RDN,Radian Group Inc.,XNYS,2025-10-20,34.0,1,2,-0.5062478593281939,0.677606347811458,34.17300008138021,34.76499996185303,33.705600090026856,27.665100049972533,1353488,5133398,0.26366317203536527,-2.2,0.87,22.9
BOC,Boston Omaha Corporation,XNYS,2025-10-20,13.850000381469727,1,2,-0.5147822761647819,-0.3863856077195474,13.921666653951009,13.543000078201294,14.160999946594238,,161167,844117,0.1909296933955838,2.27,-2.2,
EW,Edwards Lifesciences Corp,XNYS,2025-10-20,76.0199966430664,1,2,-0.534708133235135,0.9101388329325728,76.42866694132486,77.42350044250489,74.57520034790039,82.93870012283325,7971145,19941419,0.39972807351372536,-1.81,1.94,-8.34
DEA,"Easterly Government Properties, Inc.",XNYS,2025-10-20,22.079999923706055,1,1,-0.5420342812359582,-2.755226769683839,22.20033334096273,22.566499996185303,24.61869998931885,34.53730009078979,695658,2411321,0.28849663732037334,-2.16,-10.31,-36.07
ATLC,Atlanticus Holdings Corporation,XNAS,2025-10-20,55.650001525878906,1,2,-0.5444847281666846,1.4424967225120906,55.95466613769531,58.191999435424805,55.79319969177246,40.34939986228943,121177,314125,0.38576044568245127,-4.37,-0.26,37.92
SBRA,"Sabra Healthcare REIT, Inc.",XNAS,2025-10-20,18.110000610351562,1,3,-0.5664360675947581,0.5816999912759884,18.21316655476888,18.497749710083006,17.806499996185302,14.87182499408722,3609563,12242952,0.29482783237245397,-2.1,1.7,21.77
MBWM,Mercantile Bank Corp,XNAS,2025-10-20,44.90999984741211,1,3,-0.5715679373783018,-0.07448063125368196,45.16816660563151,46.45100002288818,45.90519989013672,38.03899998664856,132721,344953,0.384750966073639,-3.32,-2.17,18.06
ROL,"Rollins, Inc.",XNYS,2025-10-20,56.33000183105469,1,1,-0.5830029615772727,1.1900083263326577,56.660333251953126,56.95249996185303,53.86779998779297,43.53754995346069,2181269,7669435,0.28441065084976924,-1.09,4.57,29.38
CFR,Cullen/Frost Bankers Inc.,XNYS,2025-10-20,124.9000015258789,1,1,-0.5850267221919667,-0.05144544118401914,125.6349998474121,128.1859992980957,129.69720016479494,120.57505020141602,830064,1888025,0.43964672077965067,-2.56,-3.7,3.59
FFBC,First Financial Bancorp,XNAS,2025-10-20,24.350000381469727,1,2,-0.609538518764073,-0.1792749699226631,24.499333254496257,24.99749994277954,25.65779998779297,23.447300024032593,847264,2146366,0.394743487364224,-2.59,-5.1,3.85
SUI,"Sun Communities, Inc",XNYS,2025-10-20,124.73999786376953,1,2,-0.6185136475226934,-0.5527648880241636,125.5163335164388,126.30750007629395,125.98119995117187,137.70495021820068,975891,4488539,0.21741840719218436,-1.24,-0.99,-9.42
CBU,"Community Financial System, Inc.",XNYS,2025-10-20,56.18000030517578,1,1,-0.6437465756423444,-0.3032653815557201,56.5440003712972,57.236500358581544,59.40780044555664,57.1264999961853,493111,1228197,0.4014917802274391,-1.85,-5.43,-1.66
MKL,Markel Group Inc.,XNYS,2025-10-20,1905.260009765625,1,1,-0.6441337302039412,0.3883726592287238,1917.6119954427083,1950.122491455078,1872.2965966796876,1514.7682006835937,60680,202442,0.2997401724938501,-2.3,1.76,25.78
TRIN,Trinity Capital Inc. Common Stock,XNAS,2025-10-20,14.859999656677246,1,2,-0.6485278665714386,-1.0147579896521868,14.956999969482421,15.233999919891357,15.039999942779541,14.546274962425231,1099826,3808336,0.2887943710849043,-2.46,-1.2,2.16
FCF,First Commonwealth Financial Corporation,XNYS,2025-10-20,16.1200008392334,1,2,-0.7042629236342682,0.4744909963241745,16.23433322906494,16.73349986076355,16.50899990081787,14.833749961853027,865654,2815746,0.30743326990431663,-3.67,-2.36,8.67
CHCO,City Holding Co,XNAS,2025-10-20,120.36000061035156,1,2,-0.7229670396237637,0.29270780915801015,121.2365005493164,123.57825050354003,121.27770050048828,101.98562511444092,104091,489307,0.21273147533143813,-2.6,-0.76,18.02
BANR,Banner Corp.,XNAS,2025-10-20,63.040000915527344,1,2,-0.7725888587790105,-0.28409166942566444,63.530833053588864,64.70524940490722,65.62209999084473,57.318975086212156,512353,1017473,0.5035543940723735,-2.57,-3.93,9.98
PECO,"Phillips Edison & Company, Inc. Common Stock",XNAS,2025-10-20,34.619998931884766,1,1,-0.7838166942497146,-0.5245531797162268,34.893500010172524,34.647250175476074,35.77370018005371,34.14002512931824,1414724,4049063,0.3493954033315856,-0.08,-3.22,1.41
CLFD,"Clearfield, Inc.",XNAS,2025-10-20,35.20000076293945,1,5,-0.7854467945158381,2.0215288427761955,35.47866681416829,36.90350027084351,34.23860027313233,49.09860016822815,142165,657934,0.2160779044706612,-4.62,2.81,-28.31
MEOH,Methanex Corp,XNAS,2025-10-20,33.90999984741211,1,1,-0.7967082310025494,-0.9944288282835689,34.18233331044515,35.719000244140624,38.73480007171631,42.829000005722044,881515,2601849,0.33880328950680844,-5.06,-12.46,-20.82
BKNG,Booking Holdings Inc. Common Stock,XNAS,2025-10-20,5286.0,1,2,-0.8054341149055403,1.620046101594781,5328.920947265625,5476.328955078125,5164.748154296875,3424.8567877197265,603705,996488,0.6058326843875691,-3.48,2.35,54.34
ACT,"Enact Holdings, Inc. Common Stock",XNAS,2025-10-20,36.040000915527344,1,2,-0.8241679146074846,0.7513475306165097,36.339499409993486,36.81024932861328,35.24509967803955,28.824074935913085,352078,1826377,0.19277400011060147,-2.09,2.26,25.03
HBAN,Huntington Bancshares Inc,XNAS,2025-10-20,15.9399995803833,1,2,-0.850095756178159,0.9523805911676871,16.076666641235352,16.75449995994568,16.264400024414062,13.981000022888184,57794782,148649201,0.3887998160178473,-4.86,-1.99,14.01
UVSP,Univest Financial Corporation Common Stock,XNAS,2025-10-20,29.459999084472656,1,2,-0.8692756109598899,0.22821304635687623,29.718333307902018,30.21550006866455,29.856599922180177,25.280199975967406,173154,486848,0.3556633692651505,-2.5,-1.33,16.53
LWAC,LightWave Acquisition Corp. Class A Ordinary Shares,XNAS,2025-10-20,10.050000190734863,1,7,-0.8819678720621168,0.19763978118807657,10.139426676432292,10.29913501739502,,,11898,849966,0.013998206987103013,-2.42,,
HWC,Hancock Whitney Corporation Common Stock,XNAS,2025-10-20,56.7400016784668,1,1,-0.9150570359327908,1.4857305821673272,57.263999938964844,59.78199996948242,57.038300018310544,49.067775115966796,1528535,3852274,0.396787715515563,-5.09,-0.52,15.64
FLG,"Flagstar Bank, National Association",XNYS,2025-10-20,11.529999732971191,1,2,-0.9166449280735509,-0.2542930780607321,11.63666664759318,11.739000034332275,11.398400020599365,,5716729,28524835,0.2004123424377389,-1.78,1.15,
BRK.B,BERKSHIRE HATHAWAY Class B,XNYS,2025-10-20,491.2900085449219,1,6,-0.9350815570296961,-0.5803663896644001,495.927333577474,487.11000061035156,488.9033996582031,385.0298490905762,7319842,20744840,0.3528512150491399,0.86,0.49,27.6
PNC,PNC Financial Services Group,XNYS,2025-10-20,181.91000366210938,1,1,-0.9415202069168587,0.8322196561373766,183.63900197347004,192.88150177001953,187.8866015625,164.04715019226074,5902182,9597558,0.6149670572451867,-5.69,-3.18,10.89
OM,"Outset Medical, Inc. Common Stock",XNAS,2025-10-20,15.270000457763672,1,8,-0.9492066942810776,3.4792142581407433,15.416333325703938,15.767499923706055,14.625340042114258,181.01542778015136,806597,1488743,0.5417973417843106,-3.16,4.41,-91.56
MGY,Magnolia Oil & Gas Corporation Class A Common Stock,XNYS,2025-10-20,22.75,1,2,-0.9520212436996061,-0.7189688895018306,22.96866658528646,23.671499919891357,23.686600036621094,23.297899961471558,3318169,11609074,0.28582546721642055,-3.89,-3.95,-2.35
ARR,"ARMOUR Residential REIT, Inc.",XNYS,2025-10-20,15.6899995803833,1,1,-0.9553087972633493,-2.2441633076578986,15.841333230336508,15.858999919891357,17.01579988479614,24.48240003108978,5089876,16076554,0.3166024261169402,-1.07,-7.79,-35.91
CRBG,"Corebridge Financial, Inc.",XNYS,2025-10-20,32.18000030517578,1,2,-0.9724265450573598,-0.04716333763598226,32.49600003560384,33.651500129699706,32.26480007171631,,5167343,16469839,0.3137458113585688,-4.37,-0.26,
MPB,"Mid Penn Bancorp, Inc.",XNAS,2025-10-20,27.649999618530273,1,2,-1.0131394696213276,0.8229559362419776,27.93299986521403,28.54499979019165,28.37199993133545,26.532024955749513,137722,573513,0.24013753829468557,-3.14,-2.54,4.21
LTC,"LTC Properties, Inc.",XNYS,2025-10-20,35.06999969482422,1,2,-1.037503784807735,-0.12682234235154877,35.43766682942708,35.52350025177002,35.48580009460449,35.403150148391724,558174,1721574,0.32422306563644665,-1.28,-1.17,-0.94
QLYS,"Qualys, Inc. Common Stock",XNAS,2025-10-20,131.83999633789062,1,3,-1.044548950917534,0.23812187920755776,133.23166631062824,134.7389995574951,135.69039993286134,138.87987522125243,526497,1519128,0.3465784318372119,-2.15,-2.84,-5.07
LAD,"Lithia Motors, Inc.",XNYS,2025-10-20,311.8699951171875,1,2,-1.089109471493648,0.4895338492985571,315.3040008544922,321.4415023803711,329.9342010498047,287.37145004272463,535308,1361702,0.39311684935470464,-2.98,-5.48,8.53
CTBI,Community Trust Bancorp Inc,XNAS,2025-10-20,52.540000915527344,1,1,-1.0962098144733265,0.48994265008307486,53.1223331451416,54.876999855041504,53.67099998474121,44.95149995803833,110192,281871,0.3909306030063398,-4.26,-2.11,16.88
AEVA,"Aeva Technologies, Inc.",XNAS,2025-10-20,17.110000610351562,1,2,-1.0982622770429555,10.376214828313971,17.29999998410543,19.90149998664856,12.094399976730347,9.66309001326561,2974379,12870060,0.23110840198103194,-14.03,41.47,77.07
HIG,"The Hartford Insurance Group, Inc.",XNYS,2025-10-20,125.0999984741211,1,1,-1.1088056820071697,0.9007764748711696,126.50266723632812,127.82550086975098,121.84840042114257,91.05754981994629,3323201,7029772,0.47273240156295254,-2.13,2.67,37.39
APPF,"AppFolio, Inc. Class A",XNAS,2025-10-20,240.30999755859375,1,2,-1.1295783144749287,1.0567650599572023,243.0554997762044,257.84524993896486,240.2958999633789,181.0602006149292,438965,1414276,0.31038142484211,-6.8,0.01,32.72
KNSL,"Kinsale Capital Group, Inc.",XNYS,2025-10-20,453.69000244140625,1,1,-1.1781762949318788,-0.12001881400048194,459.0989980061849,457.38450012207034,460.44239929199216,367.6359999084473,474115,1040212,0.4557868972863224,-0.81,-1.47,23.41
WRBY,Warby Parker Inc.,XNYS,2025-10-20,21.729999542236328,1,1,-1.1943394050723466,1.97527029046319,21.99266662597656,24.324499988555907,22.679200019836426,17.65579999923706,3025639,8131595,0.37208432048079126,-10.67,-4.19,23.08
SKYW,Skywest Inc,XNAS,2025-10-20,101.5999984741211,1,3,-1.2204857909653684,1.4015723290497708,102.85533320109049,107.35850028991699,103.59740036010743,58.04510006904602,335495,1608378,0.20859213443605917,-5.36,-1.93,75.04
SAM,Boston Beer Company,XNYS,2025-10-20,219.00999450683594,1,9,-1.2331038367328884,-0.7466019309612263,221.74433237711588,212.96899871826173,240.16799896240235,314.09740074157713,300134,1172657,0.2559435538269076,2.84,-8.81,-30.27
CME,CME Group Inc.,XNAS,2025-10-20,268.6099853515625,1,8,-1.2359809001208601,0.41653847957459683,271.971501159668,271.2957504272461,259.94890075683594,217.1595253753662,3336678,9969943,0.3346737288267345,-0.99,3.33,23.69
NJR,New Jersey Resources Corp,XNYS,2025-10-20,46.09000015258789,1,2,-1.2378307430359343,-0.6655265131541276,46.667666880289715,46.28600006103515,47.13000015258789,45.642200050354006,894506,2838471,0.31513656472093604,-0.42,-2.21,0.98
ED,"Consolidated Edison, Inc.",XNYS,2025-10-20,101.55999755859375,1,17,-1.2798521289209526,-0.7291805882271757,102.87666676839193,100.61950073242187,100.43139999389649,95.02169990539551,2246286,10997853,0.2042476836160658,0.93,1.12,6.88
CP,Canadian Pacific Kansas City Limited,XNYS,2025-10-20,75.62999725341797,1,12,-1.307550650495527,0.45004480676700115,76.63199946085612,76.7334991455078,76.1579997253418,77.41154975891114,4338285,13534729,0.3205298754042286,-1.44,-0.69,-2.3
MGNI,"Magnite, Inc. Common Stock",XNAS,2025-10-20,18.950000762939453,1,2,-1.343186816014665,4.353494722060338,19.208000087738036,22.095000076293946,18.016400108337404,12.53645001411438,3735068,14053908,0.2657672157808348,-14.23,5.18,51.16
SOBO,South Bow Corporation,XNYS,2025-10-20,26.06999969482422,1,1,-1.3459151441847375,0.7779824452011588,26.425666745503744,27.07100009918213,25.827000045776366,,2060498,3921525,0.5254328354402943,-3.7,0.94,
OTTR,Otter Tail Corp,XNAS,2025-10-20,78.20999908447266,1,3,-1.362504322206869,-0.6635766716170327,79.29033330281575,79.90450019836426,78.92980010986328,75.8226999092102,212241,946832,0.22415909052503508,-2.12,-0.91,3.15
CNNE,"Cannae Holdings, Inc. Common Stock",XNYS,2025-10-20,18.739999771118164,1,3,-1.447954009967352,0.397746981493199,19.015333048502605,19.532499694824217,19.22679988861084,20.58889992713928,908391,3439288,0.26412181823679787,-4.06,-2.53,-8.98
DAC,Danaos Corporation,XNYS,2025-10-20,85.94000244140625,1,2,-1.4916450982347051,0.9589649653462281,87.2413335164388,90.41150016784668,84.52640029907226,75.21774993896484,98851,362394,0.27277217613978155,-4.95,1.67,14.25
PRK,Park National Corporation,XASE,2025-10-20,159.72999572753906,1,3,-1.5721698448732304,0.21490330194760296,162.28133392333984,165.5194999694824,166.16059997558594,138.8973000717163,81465,290864,0.2800793497992189,-3.5,-3.87,15.0
AXON,"Axon Enterprise, Inc. Common Stock",XNAS,2025-10-20,707.0399780273438,1,2,-1.606815166023682,2.954542891410811,718.5863321940104,750.4829986572265,672.5099987792969,330.06594997406006,952478,2875664,0.33122019818727083,-5.79,5.13,114.21
VYX,NCR Voyix Corporation,XNYS,2025-10-20,11.479999542236328,1,2,-1.6365392235870284,1.7819762081713781,11.671000035603841,12.665000057220459,12.063200035095214,,2409665,7282827,0.3308694549520399,-9.36,-4.83,
GSBC,Great Southern Bancorp Inc,XNAS,2025-10-20,57.290000915527344,1,1,-1.6399057910992747,0.39817884269135395,58.24516677856445,59.81300010681152,58.96870002746582,56.83177501678467,96764,257770,0.37538891259650076,-4.22,-2.85,0.81
SRCE,1st Source Corp,XNAS,2025-10-20,59.650001525878906,1,3,-1.6631242838186289,-0.4948557097375361,60.65883331298828,61.61725006103516,61.15569999694824,52.60780012130737,144524,413660,0.3493787168205773,-3.19,-2.46,13.39
RIVN,"Rivian Automotive, Inc. Class A Common Stock",XNAS,2025-10-20,13.199999809265137,1,2,-1.6759790743751508,1.7045452096136164,13.425,13.389499950408936,13.145200004577637,21.283699979782103,63586528,181718001,0.34991870728316016,-1.42,0.42,-37.98
UBSI,United Bankshares Inc,XNAS,2025-10-20,35.45000076293945,1,2,-1.744301681393258,0.4622231201942358,36.07933317820231,36.739999771118164,36.8603999710083,35.706274909973146,1447764,3528078,0.41035487310654695,-3.51,-3.83,-0.72
RAMP,"LiveRamp Holdings, Inc. Common Stock",XNYS,2025-10-20,28.489999771118164,1,2,-1.748457078150175,0.40976006914290214,28.99699986775716,29.3899995803833,29.589999961853028,29.230599994659425,935917,2686078,0.34843254737948787,-3.06,-3.72,-2.53
WAFD,"WaFd, Inc. Common Stock",XNAS,2025-10-20,28.81999969482422,1,2,-1.773441154094986,0.27911966516452,29.340333239237467,30.014999866485596,30.232799911499022,30.98664994239807,990440,2296961,0.4311958278786623,-3.98,-4.67,-6.99
CIVB,"Civista Bancshares, Inc.",XNAS,2025-10-20,20.780000686645508,1,11,-1.7989321341459923,0.5368765148583227,21.160666720072427,21.063500118255615,21.12599998474121,19.478674936294556,242781,476808,0.5091797956410128,-1.35,-1.64,6.68
FAST,Fastenal Co,XNAS,2025-10-20,43.31999969482422,1,1,-1.799141346790618,2.0330903338297404,44.11366691589355,45.94000015258789,41.76105018615723,32.51147495269775,8394240,29956429,0.2802149748890297,-5.7,3.73,33.25
BHB,Bar Harbor Bankshares,XASE,2025-10-20,29.510000228881836,1,2,-1.8013616595570572,-0.3636043126260582,30.0513334274292,30.49350004196167,30.88300022125244,28.496700077056886,75043,233537,0.32133237987984775,-3.23,-4.45,3.56
BSX,Boston Scientific Corp.,XNYS,2025-10-20,99.9000015258789,1,1,-1.806599750480245,-0.1462404827508505,101.73799997965494,102.30349998474121,99.6818002319336,66.09030010223388,18265591,39066177,0.4675551180756694,-2.35,0.22,51.16
HIW,Highwoods Properties Inc.,XNYS,2025-10-20,29.579999923706055,1,1,-1.8265093058497786,0.7478821994016316,30.13033326466878,30.75349998474121,30.08479995727539,29.319750003814697,2002698,4769485,0.4198981651058762,-3.82,-1.68,0.89
RGA,"Reinsurance Group of America, Incorporated",XNYS,2025-10-20,189.3800048828125,1,7,-1.837499088862258,-0.05594855093146709,192.925,192.19049987792968,200.2183999633789,165.14465030670166,505071,2006022,0.25177739825385764,-1.46,-5.41,14.68
BKV,BKV Corporation,XNYS,2025-10-20,20.8700008392334,1,2,-1.9036394148182187,0.9202601998342728,21.275000127156577,22.082000064849854,21.72820011138916,,807559,1831479,0.44093271066717116,-5.49,-3.95,
NTB,The Bank of N.T. Butterfield & Son Limited,XNYS,2025-10-20,41.91999816894531,1,3,-2.0301365661387507,1.2110699886296497,42.788666534423825,44.118499755859375,40.71779991149902,34.37484994888305,277801,828178,0.33543634339477746,-4.98,2.95,21.95
RNST,Renasant Corporation,XNYS,2025-10-20,34.779998779296875,1,2,-2.030932909705887,0.23717391981074332,35.501000277201335,36.960500144958495,35.844800300598145,32.99550015449524,735545,2582479,0.28482128993110883,-5.9,-2.97,5.41
CNXN,PC Connection Inc,XNAS,2025-10-20,62.47999954223633,1,6,-2.038768996007584,-0.2023688261559165,63.78033320109049,63.415999794006346,65.51539978027344,57.24749994277954,131649,389657,0.3378586808398155,-1.48,-4.63,9.14
CVBF,CVB Financial Corp,XNAS,2025-10-20,18.729999542236328,1,3,-2.113985288453764,-0.18778884646041938,19.134500058492026,19.49425001144409,19.852900123596193,20.22772502422333,1189938,3524878,0.3375827475447377,-3.92,-5.66,-7.4
MBAV,M3-Brigade Acquisition V Corp. Class A Ordinary shares,XNAS,2025-10-20,10.59000015258789,1,13,-2.1466730995040986,0.47037052254222833,10.822319984436035,10.91549997329712,10.53565996170044,,84215,1431297,0.058838242517101624,-2.98,0.52,
CPZ,Calamos Long/Short Equity & Dynamic Income Trust Common Stock,XNAS,2025-10-20,15.65999984741211,1,2,-2.1673953140676594,0.22735496514934586,16.006933371225994,16.26715006828308,15.77147403717041,16.046831979751587,112397,279928,0.40152110542710984,-3.73,-0.71,-2.41
GBCI,Glacier Bancorp Inc,XNYS,2025-10-20,43.25,1,1,-2.189153805801942,0.17141494074038946,44.21800003051758,45.90349998474121,46.74720001220703,43.93119994163513,2375153,3994825,0.5945574587122089,-5.78,-7.48,-1.55
WSFS,WSFS Financial Corp,XNAS,2025-10-20,52.650001525878906,1,2,-2.2320401660828435,0.07681263222666022,53.851999791463214,55.15099983215332,54.31039993286133,47.04579988479614,486881,1553179,0.3134738494404058,-4.53,-3.06,11.91
KR,The Kroger Co.,XNYS,2025-10-20,67.5999984741211,1,8,-2.264120213237716,0.32636602379542495,69.16599985758464,69.13249969482422,66.4397998046875,53.5531498336792,10174814,34240003,0.29716159779542073,-2.22,1.75,26.23
TTEK,Tetra Tech Inc,XNAS,2025-10-20,33.959999084472656,1,4,-2.300560545843636,1.6612232278095596,34.75966625213623,35.716499710083006,35.41479984283447,33.74895043373108,3849647,9590252,0.4014124967727647,-4.92,-4.11,0.63
ETD,Ethan Allen Interiors Inc,XNYS,2025-10-20,27.549999237060547,1,2,-2.3361363952949863,0.10409386926766566,28.2089999516805,28.81999988555908,28.448599967956543,27.958350019454954,310570,1226945,0.2531246306884172,-4.41,-3.16,-1.46
MTB,M&T Bank Corp.,XNYS,2025-10-20,181.6999969482422,1,2,-2.351204379108025,0.5386915833441672,186.0750005086263,192.6625015258789,189.9182000732422,161.88290058135988,3617308,5351388,0.6759569666785514,-5.69,-4.33,12.24
CHEF,The Chef's Warehouse Inc,XNAS,2025-10-20,59.619998931884766,1,4,-2.351674154720214,0.8356751050459571,61.055833180745445,62.28424968719482,57.526100158691406,39.895524978637695,959352,2267309,0.42312362364371153,-4.28,3.64,49.44
SEIC,SEI Investments Co,XNAS,2025-10-20,82.47000122070312,1,2,-2.3696288685127125,1.093049143530553,84.47166620890299,87.03849983215332,83.20559982299805,66.57260007858277,1305775,3790237,0.34451011902421935,-5.25,-0.88,23.88
WAL,Western Alliance Bancorporation,XNYS,2025-10-20,76.25,1,2,-2.4029148869007635,0.09822692332567473,78.12733332316081,81.9435001373291,81.32920013427734,69.39750003814697,3676403,5661420,0.6493782478600775,-6.95,-6.25,9.87
CAKE,Cheesecake Factory (The),XNAS,2025-10-20,55.400001525878906,1,5,-2.4962579354173324,1.3810498211195745,56.81833368937175,59.6355001449585,54.19540023803711,39.7663249874115,1951752,6369591,0.30641716242063266,-7.1,2.22,39.31
HFWA,Heritage Financial Corp,XNAS,2025-10-20,22.8700008392334,1,2,-2.513530416106123,-0.5131321082772821,23.459666697184243,23.8060001373291,24.004200019836425,22.87627498626709,484816,784854,0.6177148871000212,-3.93,-4.73,-0.03
NFBK,"Northfield Bancorp, Inc.",XNAS,2025-10-20,10.960000038146973,1,2,-2.5142316338559074,-0.28971811320333407,11.242666721343994,11.417500066757203,11.534200019836426,12.162100009918213,329942,894155,0.36899866354267435,-4.01,-4.98,-9.88
TOWN,Towne Bank,XNAS,2025-10-20,33.54999923706055,1,3,-2.578548752079756,-0.39239917790169004,34.43799985249837,35.08549976348877,34.77779998779297,30.061050052642823,802119,1466783,0.5468559425627376,-4.38,-3.53,11.61
HVT,"Haverty Furniture Companies, Inc.",XNYS,2025-10-20,20.290000915527344,1,2,-2.5861750038002898,-0.34925422683575197,20.82866668701172,21.52550001144409,21.333400039672853,27.48284990310669,168264,477979,0.35203220225156334,-5.74,-4.89,-26.17
NRIM,Northrim BanCorp Inc,XNAS,2025-10-20,20.989999771118164,1,2,-2.593712660445958,1.3871849151276963,21.54891675313314,22.187125205993652,20.972299995422365,14.391268720626831,208595,955569,0.21829402167713688,-5.4,0.08,45.85
WOR,"Worthington Enterprises, Inc.",XNYS,2025-10-20,57.22999954223633,1,4,-2.643025319543382,2.988910092047809,58.78366673787435,61.29050006866455,51.888799896240236,54.279100036621095,263911,1296919,0.20349073457941474,-6.63,10.29,5.44
UGI,UGI Corporation,XNYS,2025-10-20,33.54999923706055,1,5,-2.6661665226368623,-0.17762180562559612,34.46900018056234,34.7085000038147,32.806800079345706,31.348700008392335,2842590,8706675,0.3264839907312493,-3.34,2.27,7.02
RBRK,"Rubrik, Inc.",XNYS,2025-10-20,79.87999725341797,1,1,-2.680710603083962,2.600843924856571,82.08033345540365,84.95250053405762,75.36019996643067,,3628871,19035392,0.1906381019103783,-5.97,6.0,
SXT,Sensient Technology Corporation,XNYS,2025-10-20,96.75,1,4,-2.695689898903759,3.0188224369576675,99.43033345540364,105.02350006103515,89.16180007934571,77.39804985046386,479317,2212785,0.21661254934392632,-7.88,8.51,25.0
NATR,Nature's Sunshine Products Inc.,XNAS,2025-10-20,14.359999656677246,1,2,-2.7034376188700486,1.3760418137494965,14.759000015258788,15.513000011444092,14.672800006866455,14.103499999046326,143386,463635,0.30926483117107206,-7.43,-2.13,1.82
SHW,The Sherwin-Williams Company,XNYS,2025-10-20,338.44000244140625,1,5,-2.760165502928376,-0.295730586630754,348.0466664632161,348.18799896240233,351.7425994873047,294.5558495330811,5329848,8664883,0.6151090557137355,-2.8,-3.78,14.9
ONB,Old National Bancorp,XNAS,2025-10-20,20.68000030517578,1,2,-2.8302016264112178,-0.2281498120856435,21.282333246866862,21.69499988555908,21.710599899291992,17.900800004005433,9174042,17958425,0.510848919100645,-4.68,-4.75,15.53
INTU,Intuit Inc,XNAS,2025-10-20,675.0399780273438,1,3,-2.884242631534347,1.1976697812703763,695.0880025227865,714.6775024414062,664.4279992675781,549.0372991943359,2407478,8539773,0.2819135824804711,-5.55,1.6,22.95
SITE,"SiteOne Landscape Supply, Inc.",XNYS,2025-10-20,122.66000366210938,1,2,-2.9017568111315324,-0.2222099987252118,126.32566731770834,130.74000091552733,130.41900100708008,142.4928002548218,925769,2593020,0.35702347070211565,-6.18,-5.95,-13.92
CNQ,Canadian Natural Resources Limited,XNYS,2025-10-20,29.90999984741211,1,1,-2.9158778332887625,0.5001901251095069,30.80833320617676,31.406499767303465,30.879999923706055,30.947949924468993,9066978,30280281,0.29943506799028713,-4.76,-3.14,-3.35
MSCI,"MSCI, Inc.",XNYS,2025-10-20,540.3599853515625,1,2,-2.91637984688753,-0.33336100876927305,556.5923319498698,559.5224975585937,570.2543994140625,523.1657006835937,1289536,3226706,0.39964471507475424,-3.42,-5.24,3.29
SPNT,SiriusPoint Ltd.,XNYS,2025-10-20,17.989999771118164,1,1,-2.9316565772155676,1.9809244532184374,18.53333346048991,18.803000068664552,17.117400093078615,11.208200032711028,739821,3754184,0.19706572719930615,-4.32,5.1,60.51
LIN,Linde plc Ordinary Share,XNAS,2025-10-20,450.0799865722656,1,2,-2.9384330424055007,-0.14492441134035414,463.70566711425784,468.3145034790039,456.7179986572266,392.08520004272464,3662021,7986664,0.458516972793647,-3.89,-1.45,14.79
OBT,"Orange County Bancorp, Inc. Common Stock",XNAS,2025-10-20,24.389999389648438,1,3,-2.9479080437678107,0.14079542400697775,25.130833244323732,25.452000045776366,25.807099952697754,23.310588474273683,38275,265514,0.14415435720903605,-4.17,-5.49,4.63
MGM,MGM RESORTS INTERNATIONAL,XNYS,2025-10-20,32.900001525878906,1,2,-2.959389710245861,0.40672103733133635,33.903333282470705,35.34699974060059,34.18499988555908,38.450299959182736,8021647,22174965,0.3617433894484163,-6.92,-3.76,-14.43
XP,XP Inc. Class A Common Stock,XNAS,2025-10-20,17.020000457763672,1,3,-3.007965988032048,1.287169589290201,17.547833315531413,17.97674994468689,16.036899967193605,19.90699996471405,12254392,30369787,0.4035060239309548,-5.32,6.13,-14.5
NIQ,NIQ Global Intelligence plc,XNYS,2025-10-20,14.0600004196167,1,2,-3.0378238897047205,1.539377301828362,14.50050007502238,15.393750095367432,13.693400058746338,13.961436505317687,1943981,6286633,0.3092245085723948,-8.66,2.68,0.71
VRSN,VeriSign Inc,XNAS,2025-10-20,266.4599914550781,1,2,-3.0508143552190234,1.113489006344331,274.8450022379557,277.6335021972656,250.56580108642578,210.7971504211426,1073281,3721319,0.28841413488067,-4.02,6.34,26.41
AACI,Armada Acquisition Corp. II Class A Ordinary Shares,XNAS,2025-10-20,10.25,1,3,-3.0763715415617088,-1.3740052068518895,10.57533664703369,10.267500019073486,10.79979793548584,,3982351,798900,4.9847928401552135,-0.17,-5.09,
ABT,Abbott Laboratories,XNYS,2025-10-20,127.54000091552734,1,1,-3.0900156818626647,0.05651324540234036,131.606667582194,131.8865001678467,128.1006005859375,113.91765018463134,10744934,29588007,0.3631516647944554,-3.3,-0.44,11.96
BAM,Brookfield Asset Management Ltd.,XNYS,2025-10-20,54.65999984741211,1,2,-3.153791732939113,1.690640017012719,56.43999989827474,57.95749988555908,55.884199981689456,44.81065001487732,3185826,9987647,0.31897663183330366,-5.69,-2.19,21.98
MAIN,Main Street Capital Corporation,XNYS,2025-10-20,57.959999084472656,1,2,-3.1924029794422326,0.28251097401684166,59.871333312988284,62.670999717712405,59.16700004577637,46.741950035095215,1011309,2589345,0.39056556774010415,-7.52,-2.04,24.0
SHEN,Shenandoah Telecom Co,XNAS,2025-10-20,12.760000228881836,1,2,-3.217241075620497,0.8336414997284516,13.184166653951008,13.590250015258789,12.796499996185302,17.92362503528595,431887,1465258,0.29475150451319837,-6.11,-0.29,-28.81
HON,"Honeywell International, Inc.",XNAS,2025-10-20,209.0800018310547,1,7,-3.252375873270562,-0.3450811919626001,216.1086680094401,218.52200088500976,217.52380096435547,202.48805084228516,7709141,17571093,0.4387399804895461,-4.32,-3.88,3.26
COST,Costco Wholesale Corp,XNAS,2025-10-20,937.5,1,1,-3.2904291858050847,0.04152091735889662,969.3973327636719,956.2265014648438,968.4666003417968,697.4807501220703,2971919,10542038,0.2819112395534905,-1.96,-3.2,34.41
BBSI,Barrett Business Services,XNAS,2025-10-20,41.900001525878906,1,2,-3.4180154590665883,0.7232189389329907,43.38283348083496,44.56550006866455,42.87440017700195,29.359862513542176,466261,757748,0.6153246197944435,-5.98,-2.27,42.71
VICI,VICI Properties Inc. Common Stock,XNYS,2025-10-20,31.190000534057617,1,2,-3.426564707592652,-0.2881547015397744,32.2966667175293,32.610000133514404,31.70000011444092,31.061099948883058,18513104,34472663,0.5370372460056249,-4.35,-1.61,0.41
ALL,The Allstate Corporation,XNYS,2025-10-20,193.74000549316406,1,1,-3.437709253584562,-0.24924750548551036,200.63733367919923,201.01299972534179,198.76020050048828,153.19425006866456,2380840,7141742,0.33336964566908184,-3.62,-2.53,26.47
GEL,"Genesis Energy, L.P.",XNYS,2025-10-20,15.380000114440918,1,2,-3.460685023856278,0.8546287492140324,15.931333382924398,16.539500093460084,14.26480001449585,12.055199975967406,323102,2048947,0.1576917314113054,-7.01,7.82,27.58
ACGL,Arch Capital Group Ltd,XNAS,2025-10-20,87.69999694824219,1,5,-3.4849630063365438,-0.47971258835170044,90.86666666666666,89.92700004577637,91.98160003662109,77.05517501831055,3545409,10506923,0.3374355175154515,-2.48,-4.65,13.81
TRUP,"Trupanion, Inc.",XNAS,2025-10-20,44.02000045776367,1,7,-3.561138767661224,2.2578092183907144,45.645500055948894,47.56175003051758,45.55550010681152,46.36377494812012,662623,2296991,0.2884743562338729,-7.45,-3.37,-5.06
KKR,KKR & Co. Inc.,XNYS,2025-10-20,123.68000030517578,1,3,-3.563352779785815,0.7017058481807487,128.25000025431316,135.6659999847412,134.57720001220704,87.77409999847413,8680113,17500514,0.4959918891525129,-8.83,-8.1,40.91
VVV,Valvoline Inc.,XNYS,2025-10-20,35.029998779296875,1,3,-3.5889280366083245,-0.19228677168004993,36.33399988810221,37.31300010681152,36.663600006103515,35.7651999092102,2322435,8455645,0.2746608922205225,-6.12,-4.46,-2.06
GEN,Gen Digital Inc. Common Stock,XNAS,2025-10-20,27.360000610351562,1,3,-3.6891001337614813,-0.07386813433803777,28.408000183105468,29.264500236511232,28.284000091552734,18.57710650473833,6082703,17797236,0.3417779592291747,-6.51,-3.27,47.28
HOMB,"Home BancShares, Inc.",XNYS,2025-10-20,27.18000030517578,1,3,-3.8114442006577987,-0.49884948679558316,28.257000096638997,28.59650011062622,28.791599998474123,24.850000019073487,1895186,4882562,0.38815400603207906,-4.95,-5.6,9.38
BR,Broadridge Financial Solutions Inc,XNYS,2025-10-20,232.32000732421875,1,5,-3.841985751536033,-0.13956572029848963,241.60233459472656,244.079500579834,238.32780029296876,188.51810089111328,735133,3087139,0.23812759969667707,-4.82,-2.52,23.23
HNI,HNI Corporation,XNYS,2025-10-20,44.38999938964844,1,6,-3.8449047286959526,0.13448153233242802,46.164999643961586,46.96349964141846,47.5897998046875,39.77409995079041,788800,2664579,0.2960317558608696,-5.48,-6.72,11.61
AMP,"Ameriprise Financial, Inc.",XNYS,2025-10-20,479.3599853515625,1,4,-3.9832086628732735,-0.25965010905822816,499.2459950764974,506.1409942626953,513.760595703125,387.5527981567383,1294313,2242380,0.5772050232342422,-5.29,-6.7,23.69
DRS,"Leonardo DRS, Inc. Common Stock",XNAS,2025-10-20,40.349998474121094,1,1,-4.0371034529836844,3.1051912254544427,42.04749952952067,43.4649995803833,38.572899894714354,,3244438,5781463,0.5611794108169507,-7.17,4.61,
LPLA,LPL Financial Holdings Inc.,XNAS,2025-10-20,338.17999267578125,1,1,-4.055064196774379,-0.1377873218786592,352.4729990641276,356.5844985961914,348.1025,254.88922508239747,1391171,4010284,0.34690086786870955,-5.16,-2.85,32.68
GWW,"W.W. Grainger, Inc.",XNYS,2025-10-20,971.5399780273438,1,1,-4.12270420564317,-0.30489544969369453,1013.3159993489584,999.2979919433594,1038.0023999023438,798.8519486999512,340856,1416515,0.2406299968584872,-2.78,-6.4,21.62
NMIH,NMI Holdings Inc. Common Stock,XNAS,2025-10-20,36.56999969482422,1,3,-4.141966193170653,0.2110157075231287,38.15016670227051,38.9127498626709,37.66870010375977,29.310175037384035,525745,2034090,0.25846693115840497,-6.02,-2.92,24.77
OZK,Bank OZK,XNAS,2025-10-20,45.5,1,1,-4.174213837778248,0.9732549440671175,47.48200022379557,49.68400001525879,47.38340034484863,43.27117496490479,3578723,4696974,0.7619209729498183,-8.42,-3.97,5.15
NTNX,"Nutanix, Inc. Class A Common Stock",XNAS,2025-10-20,69.08999633789062,1,2,-4.186722936426756,-0.12142780656683615,72.10900039672852,72.63550033569337,70.5551001739502,45.32072512149811,2945447,15602412,0.18878151660140752,-4.88,-2.08,52.45
TSLX,"Sixth Street Specialty Lending, Inc.",XNYS,2025-10-20,21.920000076293945,1,4,-4.202782736751441,-0.3831141468444527,22.88166681925456,23.544500064849853,22.47600009918213,20.805149965286255,962071,2344684,0.41032011136681956,-6.9,-2.47,5.36
SNV,Synovus Financial Corp.,XNYS,2025-10-20,46.11000061035156,1,2,-4.263932369172664,-0.07261606371927781,48.16366678873698,49.894499969482425,49.94040008544922,41.499600114822385,3144117,8961678,0.3508402109515651,-7.59,-7.67,11.11
CF,"CF Industries Holding, Inc.",XNYS,2025-10-20,83.29000091552734,1,1,-4.415982489778643,1.4081557897604065,87.1379997253418,89.65849952697754,86.32600006103516,84.42489995956421,4277465,12998364,0.3290771823284838,-7.1,-3.52,-1.34
LNG,Cheniere Energy Inc,XNYS,2025-10-20,222.22000122070312,1,3,-4.423285649073071,0.12977163098782107,232.50433197021485,233.95399856567383,228.33739868164062,174.76124938964844,2915009,8350186,0.3490950980014098,-5.02,-2.68,27.16
DFIN,"Donnelley Financial Solutions, Inc.",XNYS,2025-10-20,51.45000076293945,1,3,-4.638043261693644,1.815425250078444,53.95233332316081,56.26900005340576,55.41720016479492,49.88615006446838,481240,1217786,0.39517616395655725,-8.56,-7.16,3.13
SPOK,"Spok Holdings, Inc",XNAS,2025-10-20,16.040000915527344,1,3,-4.656225406086497,-0.22142280734894754,16.82333323160807,17.246499824523926,16.60139995574951,13.028924973011017,217989,570566,0.38205746574454136,-7.0,-3.38,23.11
ACNT,Ascent Industries Co. Common Stock,XNAS,2025-10-20,11.979999542236328,1,10,-4.8451189989103245,-0.22190500316960257,12.590000025431316,12.493000030517578,12.104999980926515,,214352,324384,0.660797080003946,-4.11,-1.03,
CNM,"Core & Main, Inc.",XNYS,2025-10-20,53.83000183105469,1,6,-4.87270105683891,0.9202563111719726,56.58733342488607,58.66950016021728,54.31099998474121,38.137500009536744,3372147,11795310,0.2858887981748678,-8.25,-0.89,41.15
GLNG,Golar LNG Ltd,XNAS,2025-10-20,38.119998931884766,1,3,-4.89061762737628,1.0326733918644464,40.08016662597656,40.90774993896484,39.80629997253418,28.222600026130678,1662999,6048751,0.27493262658687717,-6.81,-4.24,35.07
TU,Telus Corporation,XNYS,2025-10-20,15.039999961853027,1,4,-4.948492093709561,0.4847584724591435,15.822999858856202,15.998999834060669,15.36159990310669,18.582599987983702,8672027,15675479,0.5532224565514074,-5.99,-2.09,-19.06
